id,SUM of revenue_earned,potentail_year_revenue,average revenue_earned
49946551,"$29,940","$359,280","$5,378"
44267714,"$26,100","$313,200",
6833395,"$22,800","$273,600",
46432776,"$20,300","$243,600",
53057804,"$15,300","$183,600",
53058987,"$14,425","$173,100",
4859903,"$14,233","$170,796",
43118961,"$13,601","$163,212",
4967114,"$13,500","$162,000",
289665,"$13,500","$162,000",
50618605,"$13,050","$156,600",
1060019,"$13,021","$156,252",
30087377,"$12,810","$153,720",
25313748,"$12,785","$153,420",
34384453,"$12,609","$151,308",
49928900,"$12,236","$146,832",
53167175,"$12,225","$146,700",
53602040,"$12,135","$145,620",
37251520,"$11,850","$142,200",
48374098,"$11,610","$139,320",
52755593,"$11,600","$139,200",
52336155,"$11,600","$139,200",
29687597,"$11,571","$138,852",
29495933,"$11,455","$137,460",
21366948,"$11,268","$135,216",
6640144,"$11,250","$135,000",
4644669,"$11,250","$135,000",
258688,"$11,250","$135,000",
46351532,"$11,111","$133,332",
52257683,"$11,094","$133,128",
46964389,"$10,978","$131,736",
295998,"$10,950","$131,400",
37517842,"$10,883","$130,596",
53185811,"$10,640","$127,680",
47953903,"$10,548","$126,576",
44801335,"$10,544","$126,528",
39316302,"$10,469","$125,628",
50748961,"$10,425","$125,100",
52993319,"$10,400","$124,800",
46401862,"$10,400","$124,800",
51265906,"$10,312","$123,744",
2243548,"$10,200","$122,400",
614475772890251052,"$10,198","$122,376",
547801869974332779,"$10,146","$121,752",
45801985,"$10,095","$121,140",
17929219,"$10,095","$121,140",
45699760,"$10,075","$120,900",
52211971,"$10,063","$120,756",
5770483,"$9,900","$118,800",
46124725,"$9,793","$117,516",
51465380,"$9,746","$116,952",
35318863,"$9,700","$116,400",
588748105671065001,"$9,680","$116,160",
669816268738070658,"$9,630","$115,560",
33033520,"$9,600","$115,200",
50913708,"$9,594","$115,128",
52553537,"$9,593","$115,116",
581787445126118436,"$9,571","$114,852",
6260442,"$9,550","$114,600",
450577,"$9,525","$114,300",
530431,"$9,502","$114,024",
52811319,"$9,440","$113,280",
612872665004564938,"$9,400","$112,800",
42927825,"$9,375","$112,500",
1231273,"$9,360","$112,320",
43642904,"$9,324","$111,888",
25775079,"$9,275","$111,300",
613798700673277733,"$9,210","$110,520",
53547024,"$9,107","$109,284",
49947015,"$9,100","$109,200",
9544410,"$9,100","$109,200",
14690331,"$9,074","$108,888",
43999770,"$9,070","$108,840",
15854348,"$9,000","$108,000",
15815905,"$9,000","$108,000",
5353612,"$9,000","$108,000",
4880277,"$9,000","$108,000",
999984,"$9,000","$108,000",
25379703,"$8,990","$107,880",
13914201,"$8,970","$107,640",
74438,"$8,970","$107,640",
49517798,"$8,930","$107,160",
23272588,"$8,928","$107,136",
51927457,"$8,840","$106,080",
43669374,"$8,824","$105,888",
52508237,"$8,814","$105,768",
6660511,"$8,760","$105,120",
52534722,"$8,733","$104,796",
52648666,"$8,732","$104,784",
43432968,"$8,730","$104,760",
53077465,"$8,700","$104,400",
9458704,"$8,671","$104,052",
51684534,"$8,608","$103,296",
49946754,"$8,596","$103,152",
36523372,"$8,584","$103,008",
52172527,"$8,573","$102,876",
674751987930263076,"$8,571","$102,852",
46734542,"$8,476","$101,712",
16677256,"$8,438","$101,256",
50975673,"$8,416","$100,992",
9842492,"$8,410","$100,920",
48982748,"$8,400","$100,800",
21813491,"$8,400","$100,800",
51599270,"$8,350","$100,200",
23436576,"$8,319","$99,828",
47078436,"$8,304","$99,648",
40565556,"$8,280","$99,360",
27528305,"$8,280","$99,360",
48182954,"$8,250","$99,000",
52021050,"$8,200","$98,400",
52551990,"$8,191","$98,292",
19153081,"$8,181","$98,172",
30398938,"$8,160","$97,920",
19911921,"$8,144","$97,728",
42997858,"$8,100","$97,200",
51825274,"$8,050","$96,600",
1411811,"$8,041","$96,492",
52403596,"$8,030","$96,360",
1320550,"$8,025","$96,300",
53022671,"$7,982","$95,784",
52791123,"$7,968","$95,616",
21421657,"$7,929","$95,148",
52026903,"$7,924","$95,088",
50999162,"$7,910","$94,920",
36057961,"$7,864","$94,368",
1669149,"$7,830","$93,960",
51356492,"$7,810","$93,720",
4047751,"$7,800","$93,600",
52022524,"$7,794","$93,528",
19376872,"$7,785","$93,420",
14215652,"$7,765","$93,180",
53459678,"$7,714","$92,568",
37053079,"$7,708","$92,496",
52166065,"$7,700","$92,400",
10487548,"$7,700","$92,400",
52020887,"$7,694","$92,328",
52147738,"$7,675","$92,100",
51619634,"$7,660","$91,920",
53025759,"$7,650","$91,800",
50074337,"$7,644","$91,728",
29592296,"$7,638","$91,656",
19314589,"$7,622","$91,464",
50999361,"$7,588","$91,056",
52792657,"$7,572","$90,864",
50997233,"$7,560","$90,720",
52166542,"$7,544","$90,528",
40368139,"$7,540","$90,480",
33497909,"$7,540","$90,480",
53850373,"$7,534","$90,408",
43959626,"$7,530","$90,360",
52165328,"$7,520","$90,240",
12883073,"$7,520","$90,240",
599482408226607507,"$7,500","$90,000",
52657552,"$7,500","$90,000",
35287089,"$7,500","$90,000",
33235936,"$7,500","$90,000",
2552938,"$7,500","$90,000",
57618,"$7,500","$90,000",
52009700,"$7,479","$89,748",
12932186,"$7,461","$89,532",
8741020,"$7,457","$89,484",
51687864,"$7,438","$89,256",
48682927,"$7,410","$88,920",
705384795679376315,"$7,383","$88,596",
52441208,"$7,376","$88,512",
6326410,"$7,360","$88,320",
52440701,"$7,354","$88,248",
53783936,"$7,342","$88,104",
53027375,"$7,337","$88,044",
50761483,"$7,320","$87,840",
49447911,"$7,287","$87,444",
10165064,"$7,261","$87,132",
49946887,"$7,251","$87,012",
32086758,"$7,250","$87,000",
31924097,"$7,250","$87,000",
22869573,"$7,250","$87,000",
22481246,"$7,250","$87,000",
13126582,"$7,250","$87,000",
50874125,"$7,244","$86,928",
28177443,"$7,231","$86,772",
52172540,"$7,215","$86,580",
17329090,"$7,200","$86,400",
41109712,"$7,197","$86,364",
29651529,"$7,187","$86,244",
30767659,"$7,180","$86,160",
52165924,"$7,152","$85,824",
42020878,"$7,146","$85,752",
51944937,"$7,080","$84,960",
532288,"$7,080","$84,960",
43939694,"$7,070","$84,840",
53023030,"$7,065","$84,780",
1983531,"$7,050","$84,600",
52788770,"$7,047","$84,564",
52653186,"$7,040","$84,480",
52789385,"$7,036","$84,432",
53460857,"$6,960","$83,520",
49409612,"$6,945","$83,340",
50179515,"$6,939","$83,268",
613821289238316337,"$6,935","$83,220",
783202,"$6,924","$83,088",
52877557,"$6,900","$82,800",
5719742,"$6,900","$82,800",
52649573,"$6,890","$82,680",
53029011,"$6,885","$82,620",
52166661,"$6,874","$82,488",
53459539,"$6,869","$82,428",
47493324,"$6,862","$82,344",
7071657,"$6,860","$82,320",
52403401,"$6,850","$82,200",
51596553,"$6,843","$82,116",
48168657,"$6,834","$82,008",
34495013,"$6,820","$81,840",
53132665,"$6,819","$81,828",
53132475,"$6,816","$81,792",
28888147,"$6,815","$81,780",
29857392,"$6,813","$81,756",
651501785568139544,"$6,808","$81,696",
46797479,"$6,803","$81,636",
52149257,"$6,801","$81,612",
53461007,"$6,783","$81,396",
3198365,"$6,775","$81,300",
49946715,"$6,774","$81,288",
53023376,"$6,770","$81,240",
566096258016765596,"$6,764","$81,168",
41474950,"$6,760","$81,120",
654783704090972958,"$6,750","$81,000",
15663513,"$6,750","$81,000",
11650863,"$6,750","$81,000",
2517989,"$6,750","$81,000",
397297,"$6,750","$81,000",
53132292,"$6,742","$80,904",
52166179,"$6,739","$80,868",
50000106,"$6,732","$80,784",
49390997,"$6,724","$80,688",
45664845,"$6,720","$80,640",
263888,"$6,714","$80,568",
51410607,"$6,694","$80,328",
51688080,"$6,680","$80,160",
2949128,"$6,625","$79,500",
25678522,"$6,614","$79,368",
44033270,"$6,604","$79,248",
53132797,"$6,600","$79,200",
49793548,"$6,600","$79,200",
12452110,"$6,600","$79,200",
17037,"$6,600","$79,200",
49199952,"$6,592","$79,104",
666710213882459211,"$6,580","$78,960",
29155895,"$6,580","$78,960",
13203601,"$6,579","$78,948",
46202555,"$6,570","$78,840",
43476086,"$6,566","$78,792",
53112729,"$6,564","$78,768",
53461663,"$6,557","$78,684",
53045965,"$6,556","$78,672",
53112471,"$6,546","$78,552",
52027319,"$6,541","$78,492",
51919233,"$6,538","$78,456",
24521630,"$6,534","$78,408",
49447906,"$6,531","$78,372",
51130939,"$6,525","$78,300",
25135765,"$6,525","$78,300",
12587017,"$6,525","$78,300",
8437115,"$6,525","$78,300",
48959628,"$6,516","$78,192",
53544739,"$6,506","$78,072",
41531671,"$6,489","$77,868",
50476178,"$6,480","$77,760",
13685807,"$6,474","$77,688",
585376779004563276,"$6,471","$77,652",
51688456,"$6,441","$77,292",
53461261,"$6,420","$77,040",
33642266,"$6,405","$76,860",
53459797,"$6,399","$76,788",
51410678,"$6,356","$76,272",
25492295,"$6,351","$76,212",
4377929,"$6,331","$75,972",
3450210,"$6,325","$75,900",
993514,"$6,318","$75,816",
53028084,"$6,308","$75,696",
41127989,"$6,289","$75,468",
53719446,"$6,280","$75,360",
6078234,"$6,262","$75,144",
35038426,"$6,260","$75,120",
52404336,"$6,258","$75,096",
12542544,"$6,240","$74,880",
45463521,"$6,235","$74,820",
8237244,"$6,235","$74,820",
786685,"$6,234","$74,808",
32102590,"$6,228","$74,736",
34230593,"$6,220","$74,640",
52789194,"$6,215","$74,580",
45203126,"$6,192","$74,304",
628057628818657075,"$6,188","$74,256",
18560569,"$6,161","$73,932",
17447150,"$6,161","$73,932",
971247,"$6,150","$73,800",
52172548,"$6,147","$73,764",
538344,"$6,131","$73,572",
29509877,"$6,130","$73,560",
668924398417015489,"$6,122","$73,464",
53460444,"$6,116","$73,392",
48369592,"$6,110","$73,320",
46913873,"$6,078","$72,936",
53132986,"$6,075","$72,900",
53459447,"$6,072","$72,864",
35186258,"$6,062","$72,744",
19981649,"$6,061","$72,732",
53561733,"$6,060","$72,720",
51535368,"$6,050","$72,600",
52440803,"$6,044","$72,528",
848220,"$6,040","$72,480",
595913249604202810,"$6,017","$72,204",
51410905,"$6,016","$72,192",
51944428,"$6,014","$72,168",
50026612,"$6,007","$72,084",
615413344030015734,"$6,000","$72,000",
50612168,"$6,000","$72,000",
18682184,"$6,000","$72,000",
235960,"$6,000","$72,000",
36703,"$6,000","$72,000",
13848005,"$5,980","$71,760",
9863045,"$5,980","$71,760",
344082,"$5,970","$71,640",
42791410,"$5,967","$71,604",
51681375,"$5,962","$71,544",
53459952,"$5,960","$71,520",
53027734,"$5,943","$71,316",
53128684,"$5,937","$71,244",
53461514,"$5,916","$70,992",
12403252,"$5,916","$70,992",
48980681,"$5,897","$70,764",
50211348,"$5,890","$70,680",
566172173301932151,"$5,880","$70,560",
52659103,"$5,880","$70,560",
52634002,"$5,866","$70,392",
47050614,"$5,864","$70,368",
53459337,"$5,850","$70,200",
44032999,"$5,850","$70,200",
35526392,"$5,850","$70,200",
25071113,"$5,850","$70,200",
52336346,"$5,824","$69,888",
20624817,"$5,812","$69,744",
36783928,"$5,810","$69,720",
19094459,"$5,800","$69,600",
16229170,"$5,800","$69,600",
15943475,"$5,800","$69,600",
13358265,"$5,800","$69,600",
10660249,"$5,800","$69,600",
640665953927218274,"$5,794","$69,528",
49946789,"$5,780","$69,360",
51593979,"$5,778","$69,336",
653534466197553419,"$5,775","$69,300",
49351415,"$5,760","$69,120",
59014,"$5,750","$69,000",
5343821,"$5,734","$68,808",
47397326,"$5,732","$68,784",
52633133,"$5,728","$68,736",
37941349,"$5,727","$68,724",
52148281,"$5,711","$68,532",
51425482,"$5,700","$68,400",
50488088,"$5,700","$68,400",
49384376,"$5,700","$68,400",
50902552,"$5,696","$68,352",
2373238,"$5,696","$68,352",
50997652,"$5,694","$68,328",
51409979,"$5,690","$68,280",
45261941,"$5,687","$68,244",
10500222,"$5,684","$68,208",
598600568938104304,"$5,670","$68,040",
40670872,"$5,670","$68,040",
3946018,"$5,670","$68,040",
7734995,"$5,668","$68,016",
37750997,"$5,659","$67,908",
52903515,"$5,657","$67,884",
49770573,"$5,650","$67,800",
605996268269119724,"$5,647","$67,764",
24441912,"$5,640","$67,680",
47474703,"$5,634","$67,608",
50953290,"$5,628","$67,536",
51686077,"$5,626","$67,512",
14933521,"$5,625","$67,500",
52166956,"$5,611","$67,332",
52437091,"$5,606","$67,272",
40419502,"$5,605","$67,260",
15635167,"$5,605","$67,260",
52026010,"$5,600","$67,200",
650956611349081780,"$5,592","$67,104",
52404169,"$5,586","$67,032",
12950991,"$5,575","$66,900",
7679697,"$5,565","$66,780",
41131891,"$5,563","$66,756",
4774496,"$5,550","$66,600",
489018,"$5,550","$66,600",
29683,"$5,550","$66,600",
47397498,"$5,533","$66,396",
9240346,"$5,520","$66,240",
993576,"$5,520","$66,240",
549446880012802933,"$5,510","$66,120",
32841311,"$5,510","$66,120",
13113038,"$5,510","$66,120",
9492750,"$5,500","$66,000",
52075215,"$5,497","$65,964",
51411120,"$5,488","$65,856",
560205663949770570,"$5,481","$65,772",
37551957,"$5,481","$65,772",
51618851,"$5,480","$65,760",
568036746216605390,"$5,461","$65,532",
50564872,"$5,424","$65,088",
13730290,"$5,423","$65,076",
51684811,"$5,418","$65,016",
51944137,"$5,414","$64,968",
7843604,"$5,414","$64,968",
52166839,"$5,408","$64,896",
6688818,"$5,400","$64,800",
1112407,"$5,400","$64,800",
52585014,"$5,380","$64,560",
8520094,"$5,373","$64,476",
747605,"$5,370","$64,440",
325429,"$5,362","$64,344",
50621003,"$5,360","$64,320",
19271120,"$5,350","$64,200",
49946637,"$5,342","$64,104",
30183428,"$5,335","$64,020",
52387398,"$5,320","$63,840",
38348978,"$5,310","$63,720",
42338062,"$5,309","$63,708",
52632741,"$5,308","$63,696",
38898269,"$5,300","$63,600",
20859561,"$5,292","$63,504",
52028791,"$5,287","$63,444",
15549056,"$5,280","$63,360",
38000066,"$5,278","$63,336",
23686606,"$5,274","$63,288",
739239,"$5,267","$63,204",
53794913,"$5,265","$63,180",
52666694,"$5,254","$63,048",
48124602,"$5,250","$63,000",
13117094,"$5,250","$63,000",
35642392,"$5,245","$62,940",
564229280225504107,"$5,225","$62,700",
45701055,"$5,220","$62,640",
29981890,"$5,220","$62,640",
21516275,"$5,200","$62,400",
20325974,"$5,200","$62,400",
12071038,"$5,196","$62,352",
14086770,"$5,191","$62,292",
163814,"$5,191","$62,292",
52164854,"$5,171","$62,052",
50744441,"$5,156","$61,872",
31715312,"$5,155","$61,860",
609956068365812790,"$5,154","$61,848",
545612614941895646,"$5,145","$61,740",
13584582,"$5,144","$61,728",
47396746,"$5,135","$61,620",
51945109,"$5,133","$61,596",
11720001,"$5,130","$61,560",
46400961,"$5,128","$61,536",
53232849,"$5,115","$61,380",
1793091,"$5,100","$61,200",
47396113,"$5,085","$61,020",
47050312,"$5,081","$60,972",
18003918,"$5,075","$60,900",
1533652,"$5,075","$60,900",
75635,"$5,075","$60,900",
52760464,"$5,069","$60,828",
52385894,"$5,060","$60,720",
49909523,"$5,058","$60,696",
1988823,"$5,040","$60,480",
1742654,"$5,040","$60,480",
43568549,"$5,018","$60,216",
7744805,"$5,010","$60,120",
34651712,"$5,000","$60,000",
51619950,"$4,994","$59,928",
53506938,"$4,988","$59,856",
53427324,"$4,988","$59,856",
22409448,"$4,983","$59,796",
851772,"$4,980","$59,760",
582783138723648161,"$4,964","$59,568",
688295465819974377,"$4,950","$59,400",
20308965,"$4,950","$59,400",
188674,"$4,950","$59,400",
22142636,"$4,930","$59,160",
50211955,"$4,920","$59,040",
51943950,"$4,916","$58,992",
51599485,"$4,906","$58,872",
8989320,"$4,900","$58,800",
14507274,"$4,883","$58,596",
19734117,"$4,875","$58,500",
13009244,"$4,875","$58,500",
627432,"$4,870","$58,440",
11460993,"$4,851","$58,212",
10205130,"$4,845","$58,140",
892127,"$4,840","$58,080",
456190,"$4,840","$58,080",
50155997,"$4,837","$58,044",
18199525,"$4,833","$57,996",
651379369974834329,"$4,829","$57,948",
54038902,"$4,823","$57,876",
9509218,"$4,814","$57,768",
53335766,"$4,800","$57,600",
5510725,"$4,800","$57,600",
723560,"$4,800","$57,600",
69894,"$4,800","$57,600",
60680,"$4,800","$57,600",
675885956612647744,"$4,785","$57,420",
49793941,"$4,785","$57,420",
15149137,"$4,785","$57,420",
8480087,"$4,785","$57,420",
49388478,"$4,771","$57,252",
48611645,"$4,770","$57,240",
20942873,"$4,765","$57,180",
53356951,"$4,760","$57,120",
18867401,"$4,750","$57,000",
1766846,"$4,750","$57,000",
27644,"$4,750","$57,000",
52623783,"$4,740","$56,880",
4598265,"$4,730","$56,760",
35231370,"$4,727","$56,724",
294250,"$4,725","$56,700",
48956711,"$4,724","$56,688",
794156,"$4,720","$56,640",
5065185,"$4,710","$56,520",
51598757,"$4,700","$56,400",
50873910,"$4,696","$56,352",
693255767045571681,"$4,680","$56,160",
45864124,"$4,680","$56,160",
29130740,"$4,676","$56,112",
52792939,"$4,674","$56,088",
52073825,"$4,673","$56,076",
52398287,"$4,668","$56,016",
41207871,"$4,666","$55,992",
32332890,"$4,650","$55,800",
2367089,"$4,650","$55,800",
734749,"$4,650","$55,800",
44475869,"$4,640","$55,680",
24162064,"$4,640","$55,680",
20331226,"$4,640","$55,680",
13559208,"$4,640","$55,680",
12495831,"$4,640","$55,680",
6452188,"$4,639","$55,668",
52385364,"$4,630","$55,560",
841484,"$4,630","$55,560",
52021868,"$4,625","$55,500",
46791082,"$4,623","$55,476",
52411201,"$4,600","$55,200",
47889158,"$4,597","$55,164",
52148096,"$4,579","$54,948",
35711228,"$4,577","$54,924",
33684621,"$4,570","$54,840",
50977255,"$4,566","$54,792",
51905146,"$4,560","$54,720",
51687443,"$4,560","$54,720",
20394500,"$4,557","$54,684",
52436688,"$4,554","$54,648",
9383406,"$4,554","$54,648",
38875424,"$4,550","$54,600",
465706,"$4,550","$54,600",
52403404,"$4,544","$54,528",
1322917,"$4,540","$54,480",
51907246,"$4,522","$54,264",
46638180,"$4,520","$54,240",
9944860,"$4,520","$54,240",
47395232,"$4,518","$54,216",
1465446,"$4,512","$54,144",
6586663,"$4,510","$54,120",
644202319559232710,"$4,500","$54,000",
45157580,"$4,500","$54,000",
5773199,"$4,500","$54,000",
5772667,"$4,500","$54,000",
4260964,"$4,500","$54,000",
944049,"$4,500","$54,000",
29230470,"$4,495","$53,940",
50637892,"$4,490","$53,880",
617395266075836862,"$4,484","$53,808",
37262517,"$4,480","$53,760",
287408,"$4,475","$53,700",
12317903,"$4,470","$53,640",
4405156,"$4,460","$53,520",
31667621,"$4,449","$53,388",
17318814,"$4,445","$53,340",
11940117,"$4,440","$53,280",
9232861,"$4,437","$53,244",
706520858653260948,"$4,428","$53,136",
7801262,"$4,425","$53,100",
50889641,"$4,424","$53,088",
51681237,"$4,420","$53,040",
1914231,"$4,410","$52,920",
4135395,"$4,400","$52,800",
51919307,"$4,399","$52,788",
36152878,"$4,392","$52,704",
52027057,"$4,390","$52,680",
52516409,"$4,384","$52,608",
52427312,"$4,360","$52,320",
15033685,"$4,353","$52,236",
613649143663298138,"$4,350","$52,200",
50027063,"$4,350","$52,200",
13389082,"$4,350","$52,200",
9148875,"$4,350","$52,200",
1268175,"$4,350","$52,200",
51685871,"$4,330","$51,960",
4916340,"$4,330","$51,960",
57874,"$4,320","$51,840",
51688589,"$4,298","$51,576",
552776894629824118,"$4,290","$51,480",
25814039,"$4,290","$51,480",
2183423,"$4,290","$51,480",
21966880,"$4,269","$51,228",
8541879,"$4,267","$51,204",
37653631,"$4,263","$51,156",
17122054,"$4,263","$51,156",
620919324221630458,"$4,255","$51,060",
34649031,"$4,255","$51,060",
53410940,"$4,251","$51,012",
52860062,"$4,236","$50,832",
6328394,"$4,235","$50,820",
18227529,"$4,220","$50,640",
682051667669616758,"$4,217","$50,604",
52149810,"$4,215","$50,580",
48121560,"$4,205","$50,460",
25745372,"$4,205","$50,460",
49529057,"$4,200","$50,400",
47728714,"$4,200","$50,400",
11496607,"$4,200","$50,400",
6940108,"$4,200","$50,400",
1856027,"$4,200","$50,400",
1446483,"$4,200","$50,400",
52027665,"$4,195","$50,340",
28867577,"$4,172","$50,064",
230877,"$4,165","$49,980",
21583199,"$4,125","$49,500",
648192930134089393,"$4,124","$49,488",
583850258791847187,"$4,120","$49,440",
13140220,"$4,107","$49,284",
35939253,"$4,089","$49,068",
25163519,"$4,081","$48,972",
473980,"$4,080","$48,960",
16381008,"$4,075","$48,900",
52406162,"$4,061","$48,732",
10540876,"$4,060","$48,720",
50707731,"$4,058","$48,696",
518689109208853861,"$4,050","$48,600",
48783563,"$4,050","$48,600",
35286246,"$4,050","$48,600",
29054973,"$4,050","$48,600",
2786015,"$4,050","$48,600",
1688914,"$4,050","$48,600",
549264345064528625,"$4,023","$48,276",
47048969,"$4,002","$48,024",
52674546,"$4,000","$48,000",
19250742,"$4,000","$48,000",
34384645,"$3,996","$47,952",
52384717,"$3,988","$47,856",
52149992,"$3,978","$47,736",
1781786,"$3,950","$47,400",
18358606,"$3,945","$47,340",
51068791,"$3,944","$47,328",
12267599,"$3,940","$47,280",
52436909,"$3,935","$47,220",
51411027,"$3,930","$47,160",
49503449,"$3,920","$47,040",
13640966,"$3,920","$47,040",
227495,"$3,920","$47,040",
37155251,"$3,918","$47,016",
639540429317887373,"$3,915","$46,980",
14869215,"$3,915","$46,980",
8620134,"$3,915","$46,980",
33780071,"$3,913","$46,956",
34150118,"$3,911","$46,932",
29824343,"$3,910","$46,920",
50873236,"$3,908","$46,896",
5144689,"$3,901","$46,812",
48950531,"$3,900","$46,800",
37973781,"$3,900","$46,800",
21620762,"$3,900","$46,800",
15888425,"$3,900","$46,800",
26596388,"$3,892","$46,704",
25251220,"$3,870","$46,440",
8542394,"$3,868","$46,416",
2461439,"$3,857","$46,284",
40448201,"$3,846","$46,152",
8813854,"$3,837","$46,044",
39646352,"$3,828","$45,936",
51688305,"$3,804","$45,648",
648191896822644411,"$3,801","$45,612",
16063885,"$3,786","$45,432",
24656865,"$3,780","$45,360",
53079539,"$3,776","$45,312",
53862381,"$3,770","$45,240",
1016141,"$3,762","$45,144",
19068933,"$3,756","$45,072",
562964125617559122,"$3,750","$45,000",
44503706,"$3,750","$45,000",
35843964,"$3,750","$45,000",
25802121,"$3,750","$45,000",
23169714,"$3,750","$45,000",
21434692,"$3,750","$45,000",
1640995,"$3,750","$45,000",
860163,"$3,750","$45,000",
705356389953069023,"$3,745","$44,940",
9768199,"$3,741","$44,892",
4978241,"$3,740","$44,880",
272044,"$3,740","$44,880",
3458525,"$3,726","$44,712",
4963215,"$3,720","$44,640",
28287665,"$3,709","$44,508",
50381132,"$3,707","$44,484",
53513368,"$3,706","$44,472",
12778678,"$3,696","$44,352",
51511985,"$3,671","$44,052",
67288,"$3,665","$43,980",
18586873,"$3,660","$43,920",
51944795,"$3,645","$43,740",
14506036,"$3,645","$43,740",
13100726,"$3,645","$43,740",
17219303,"$3,640","$43,680",
23838400,"$3,625","$43,500",
20883973,"$3,625","$43,500",
7542471,"$3,625","$43,500",
51927035,"$3,624","$43,488",
601395300140040942,"$3,615","$43,380",
51482510,"$3,600","$43,200",
18092438,"$3,596","$43,152",
653688020628660646,"$3,576","$42,912",
34181328,"$3,575","$42,900",
20978416,"$3,575","$42,900",
52403053,"$3,572","$42,864",
51926956,"$3,571","$42,852",
41934934,"$3,570","$42,840",
82638,"$3,549","$42,588",
457829,"$3,546","$42,552",
5558596,"$3,538","$42,456",
24714137,"$3,530","$42,360",
46413038,"$3,523","$42,276",
44233602,"$3,513","$42,156",
27107124,"$3,509","$42,108",
45952819,"$3,507","$42,084",
11549920,"$3,500","$42,000",
4720086,"$3,500","$42,000",
40735445,"$3,493","$41,916",
47250002,"$3,480","$41,760",
22478609,"$3,480","$41,760",
21217074,"$3,480","$41,760",
798429,"$3,480","$41,760",
51907175,"$3,474","$41,688",
45944408,"$3,470","$41,640",
11372330,"$3,459","$41,508",
15485880,"$3,455","$41,460",
51944735,"$3,450","$41,400",
49125621,"$3,450","$41,400",
7228259,"$3,450","$41,400",
53881631,"$3,442","$41,304",
549381252283638106,"$3,432","$41,184",
42429756,"$3,431","$41,172",
48074767,"$3,427","$41,124",
9994304,"$3,407","$40,884",
18290561,"$3,405","$40,860",
29541214,"$3,400","$40,800",
52020308,"$3,394","$40,728",
9007767,"$3,388","$40,656",
54182445,"$3,375","$40,500",
49208064,"$3,375","$40,500",
48230852,"$3,375","$40,500",
52025593,"$3,371","$40,452",
53429873,"$3,370","$40,440",
13357245,"$3,354","$40,248",
13526348,"$3,353","$40,236",
1444580,"$3,349","$40,188",
13529037,"$3,344","$40,128",
51944588,"$3,338","$40,056",
2127713,"$3,325","$39,900",
18922939,"$3,320","$39,840",
52791424,"$3,316","$39,792",
51904406,"$3,310","$39,720",
547086501522814424,"$3,300","$39,600",
26301165,"$3,300","$39,600",
21484161,"$3,300","$39,600",
60611,"$3,300","$39,600",
52340282,"$3,290","$39,480",
3576160,"$3,290","$39,480",
51410480,"$3,255","$39,060",
48720514,"$3,243","$38,916",
52001672,"$3,226","$38,712",
42410393,"$3,225","$38,700",
29180542,"$3,223","$38,676",
1475084,"$3,222","$38,664",
4564292,"$3,210","$38,520",
3766770,"$3,200","$38,400",
53459188,"$3,192","$38,304",
36803276,"$3,190","$38,280",
640591423652129884,"$3,186","$38,232",
50997070,"$3,182","$38,184",
619008502630740912,"$3,153","$37,836",
54103386,"$3,150","$37,800",
31593457,"$3,150","$37,800",
702772024832222595,"$3,142","$37,704",
44247459,"$3,139","$37,668",
3780113,"$3,120","$37,440",
62427,"$3,120","$37,440",
3767079,"$3,105","$37,260",
45930596,"$3,095","$37,140",
4734544,"$3,090","$37,080",
17653754,"$3,084","$37,008",
51681651,"$3,076","$36,912",
648193659833646511,"$3,066","$36,792",
21852759,"$3,058","$36,696",
8811369,"$3,058","$36,696",
31466176,"$3,050","$36,600",
19133220,"$3,045","$36,540",
7785952,"$3,045","$36,540",
608817978697316418,"$3,043","$36,516",
6516344,"$3,030","$36,360",
22683699,"$3,020","$36,240",
2334411,"$3,010","$36,120",
2614012,"$3,002","$36,024",
1150382,"$3,000","$36,000",
29686576,"$2,987","$35,844",
43230953,"$2,970","$35,640",
44578886,"$2,968","$35,616",
5480321,"$2,960","$35,520",
594240338554500815,"$2,940","$35,280",
44154912,"$2,925","$35,100",
1036734,"$2,924","$35,088",
548672572096028312,"$2,917","$35,004",
30355532,"$2,914","$34,968",
25912289,"$2,912","$34,944",
51687298,"$2,908","$34,896",
51411254,"$2,900","$34,800",
24287261,"$2,900","$34,800",
8734174,"$2,900","$34,800",
957002,"$2,900","$34,800",
52871655,"$2,880","$34,560",
52842845,"$2,880","$34,560",
51907377,"$2,877","$34,524",
12365238,"$2,874","$34,488",
30264146,"$2,860","$34,320",
21230688,"$2,860","$34,320",
6922490,"$2,811","$33,732",
19296720,"$2,804","$33,648",
4715740,"$2,800","$33,600",
22464789,"$2,790","$33,480",
42663492,"$2,775","$33,300",
17788472,"$2,773","$33,276",
6590570,"$2,773","$33,276",
31960036,"$2,766","$33,192",
33877798,"$2,755","$33,060",
22176678,"$2,755","$33,060",
20896858,"$2,744","$32,928",
41558667,"$2,737","$32,844",
3534443,"$2,736","$32,832",
15341,"$2,729","$32,748",
25475518,"$2,723","$32,676",
17093180,"$2,700","$32,400",
9167889,"$2,700","$32,400",
721762,"$2,700","$32,400",
613528,"$2,700","$32,400",
2629613,"$2,691","$32,292",
17005665,"$2,670","$32,040",
35787085,"$2,665","$31,980",
53460269,"$2,594","$31,128",
54183564,"$2,550","$30,600",
695465,"$2,550","$30,600",
2028677,"$2,530","$30,360",
15889061,"$2,520","$30,240",
1063020,"$2,511","$30,132",
54213367,"$2,500","$30,000",
53422458,"$2,500","$30,000",
26602868,"$2,495","$29,940",
640418652230852663,"$2,400","$28,800",
600013989830559229,"$2,400","$28,800",
594172219609060026,"$2,400","$28,800",
53755563,"$2,400","$28,800",
5823579,"$2,385","$28,620",
696868,"$2,355","$28,260",
52027169,"$2,320","$27,840",
1950171,"$2,320","$27,840",
33055126,"$2,290","$27,480",
39836361,"$2,259","$27,108",
53028370,"$2,254","$27,048",
709014684744103245,"$2,251","$27,012",
46213811,"$2,250","$27,000",
3401271,"$2,232","$26,784",
52649036,"$2,227","$26,724",
31311422,"$2,225","$26,700",
28014842,"$2,206","$26,472",
16533079,"$2,196","$26,352",
53112096,"$2,149","$25,788",
24206044,"$2,145","$25,740",
15578971,"$2,125","$25,500",
51945222,"$2,115","$25,380",
739242,"$2,079","$24,948",
7973063,"$2,052","$24,624",
51942816,"$2,019","$24,228",
53461739,"$2,016","$24,192",
1221332,"$1,950","$23,400",
47510760,"$1,943","$23,316",
16430087,"$1,935","$23,220",
22435019,"$1,890","$22,680",
11732961,"$1,888","$22,656",
8720655,"$1,885","$22,620",
13771529,"$1,810","$21,720",
504437,"$1,800","$21,600",
27919104,"$1,793","$21,516",
561003223321597632,"$1,785","$21,420",
5439372,"$1,745","$20,940",
36021063,"$1,740","$20,880",
3824445,"$1,740","$20,880",
939657,"$1,690","$20,280",
600668206021723562,"$1,680","$20,160",
11352664,"$1,615","$19,380",
5010368,"$1,574","$18,888",
40569633,"$1,537","$18,444",
50977325,"$1,440","$17,280",
3530122,"$1,430","$17,160",
53460137,"$1,360","$16,320",
52791971,"$1,318","$15,816",
669324295296310834,"$1,140","$13,680",
13864889,"$1,069","$12,828",
46699241,"$1,050","$12,600",
49916027,"$1,040","$12,480",
52791752,"$1,020","$12,240",
618684266575682977,"$1,011","$12,132",
45414252,$960,"$11,520",
29704561,$800,"$9,600",
19981889,$800,"$9,600",
6359111,$800,"$9,600",
702774884860368789,$747,"$8,964",
47768102,$720,"$8,640",
53028742,$680,"$8,160",
31123953,$645,"$7,740",
709221138598318151,$638,"$7,656",
705961847414831189,$558,"$6,696",
3241858,$500,"$6,000",
49470218,$499,"$5,988",
772362,$495,"$5,940",
49470374,$400,"$4,800",
631940481660435023,$360,"$4,320",
49351916,$241,"$2,892",
30811789,$160,"$1,920",
573074656355398441,$0,$0,
53346294,$0,$0,
50444487,$0,$0,
48121041,$0,$0,
45914463,$0,$0,
34059931,$0,$0,
16758426,$0,$0,
6559926,$0,$0,
993575,$0,$0,
Grand Total,"$5,093,189","$61,118,268",